{
    "id":0,
    "data":[
        {
            "timestamp":1714781700000,
            "position":0.7961529887583197,
            "cash":950000,
            "signal":true
        },
        {
            "timestamp":1714790700000,
            "position":0,
            "cash":999918.0519728671,
            "signal":false
        }
    ],
    "sma_1":[
        {
            "timestamp":1714781700000,
            "val":62940.233333333344
            },
        {
            "timestamp":1714782600000,
            "val":62938.19333333335
        }
    ],
    "sma_2":[
        {
            "timestamp":1714781700000,
            "val":62940.233333333344
            },
        {
            "timestamp":1714782600000,
            "val":62938.19333333335
        }
    ]
}